<?xml version="1.0" encoding="UTF-8"?>
<project-private xmlns="http://www.netbeans.org/ns/project-private/1">
    <editor-bookmarks xmlns="http://www.netbeans.org/ns/editor-bookmarks/2" lastBookmarkId="0"/>
    <open-files xmlns="http://www.netbeans.org/ns/projectui-open-files/2">
        <group>
            <file>file:/C:/Users/36553342/Documents/NetBeansProjects/objeto%20aprendizaje/src/objeto/aprendizaje/mientras/Gamificaciónmientras.java</file>
            <file>file:/C:/Users/36553342/Documents/NetBeansProjects/objeto%20aprendizaje/src/objeto/aprendizaje/mientras/mientras.java</file>
            <file>file:/C:/Users/36553342/Documents/NetBeansProjects/objeto%20aprendizaje/src/objeto/aprendizaje/mientras/gamificacionfor.java</file>
        </group>
    </open-files>
</project-private>
